[{"code":"","src":"https://http2.mlstatic.com/resources/frontend/statics/ms-widgets/cookie-disclaimer/v1.0.0/cookie-disclaimer.js","priority":10,"key":"widget-0"},{"code":"","src":"https://http2.mlstatic.com/resources/frontend/statics/ms-widgets/custom-menu/v1.0.4/fashion.js","priority":10,"key":"widget-1"},{"code":"","src":"https://http2.mlstatic.com/resources/frontend/statics/ms-widgets/search-input/v1.0.3/fashion.js","priority":10,"key":"widget-2"},{"code":"","src":"https://http2.mlstatic.com/resources/frontend/statics/ms-widgets/on-scroll-header/v1.1.7/on-scroll-header.js","priority":10,"key":"widget-3"},{"code":"","src":"https://kit.fontawesome.com/58821011b2.js","priority":10,"key":"widget-4"},{"code":"const URLactual_menu = window.location.pathname;\r\n\r\nif (URLactual_menu !== \"/\") {\r\n    //Menu Desktop\r\n    const btnSubmenuSinteticos = document.querySelector(\".sinteticos\");\r\n    const submenuSinteticos = document.querySelector(\".submenuSinteticos\");\r\n\r\n    btnSubmenuSinteticos.addEventListener(\"click\", function () {\r\n        btnSubmenuSinteticos.classList.toggle(\"rotacion\");\r\n        submenuSinteticos.classList.toggle(\"visible\");\r\n    });\r\n\r\n    const btnSubmenuTelas = document.querySelector(\".telas\");\r\n    const submenuTelas = document.querySelector(\".submenuTelas\");\r\n\r\n    btnSubmenuTelas.addEventListener(\"click\", function () {\r\n        btnSubmenuTelas.classList.toggle(\"rotacion\");\r\n        submenuTelas.classList.toggle(\"visible\");\r\n    });\r\n\r\n    const btnSubmenuForrerias = document.querySelector(\".forrerias\");\r\n    const submenuForrerias = document.querySelector(\".submenuForrerias\");\r\n\r\n    btnSubmenuForrerias.addEventListener(\"click\", function () {\r\n        btnSubmenuForrerias.classList.toggle(\"rotacion\");\r\n        submenuForrerias.classList.toggle(\"visible\");\r\n    });\r\n\r\n    const btnSubmenuPolitica = document.querySelector(\".politica\");\r\n    const submenuPolitica = document.querySelector(\".submenuPolitica\");\r\n\r\n    btnSubmenuPolitica.addEventListener(\"click\", function () {\r\n        btnSubmenuPolitica.classList.toggle(\"rotacion\");\r\n        submenuPolitica.classList.toggle(\"visible\");\r\n    });\r\n} else {\r\n    //Menu Desktop\r\n    const btnSubmenuSinteticos = document.querySelector(\".sinteticos\");\r\n    const submenuSinteticos = document.querySelector(\".submenuSinteticos\");\r\n\r\n    btnSubmenuSinteticos.addEventListener(\"click\", function () {\r\n        btnSubmenuSinteticos.classList.toggle(\"rotacion\");\r\n        submenuSinteticos.classList.toggle(\"visible\");\r\n    });\r\n\r\n    const btnSubmenuTelas = document.querySelector(\".telas\");\r\n    const submenuTelas = document.querySelector(\".submenuTelas\");\r\n\r\n    btnSubmenuTelas.addEventListener(\"click\", function () {\r\n        btnSubmenuTelas.classList.toggle(\"rotacion\");\r\n        submenuTelas.classList.toggle(\"visible\");\r\n    });\r\n\r\n    const btnSubmenuForrerias = document.querySelector(\".forrerias\");\r\n    const submenuForrerias = document.querySelector(\".submenuForrerias\");\r\n\r\n    btnSubmenuForrerias.addEventListener(\"click\", function () {\r\n        btnSubmenuForrerias.classList.toggle(\"rotacion\");\r\n        submenuForrerias.classList.toggle(\"visible\");\r\n    });\r\n\r\n    const btnSubmenuPolitica = document.querySelector(\".politica\");\r\n    const submenuPolitica = document.querySelector(\".submenuPolitica\");\r\n\r\n    btnSubmenuPolitica.addEventListener(\"click\", function () {\r\n        btnSubmenuPolitica.classList.toggle(\"rotacion\");\r\n        submenuPolitica.classList.toggle(\"visible\");\r\n    });\r\n}\r\n","src":"","priority":10,"key":"widget-5"},{"code":"(function() {\r\n    let link = document.querySelector(\"link[rel*='icon']\") || document.createElement('link');\r\n    link.type = 'image/x-icon';\r\n    link.rel = 'shortcut icon';\r\n    link.href = 'https://iili.io/aFqQa9.png';\r\n    document.getElementsByTagName('head')[0].appendChild(link);\r\n  })();\r\n  function faviconIn(){\r\n    let link = document.querySelector(\"link[rel*='icon']\") || document.createElement('link');\r\n    link.type = 'image/x-icon';link.rel = 'shortcut icon';\r\n    link.href = 'https://iili.io/aFqQa9.png';\r\n    document.getElementsByTagName('head')[0].appendChild(link)\r\n  };\r\n  \r\n  setTimeout(faviconIn,1000);\r\n","src":"","priority":10,"key":"widget-6"},{"code":"const URLactual = window.location.pathname;\r\n\r\nconst categorias = document.querySelectorAll(\".link-nav\");\r\nconst MenuDesplegable = document.querySelectorAll(\".menu-desplegable\");\r\nconst NavBar = document.querySelector(\".contenedor-nav\");\r\n\r\ncategorias[0].addEventListener(\"mouseover\", function () {\r\n    MenuDesplegable[0].classList.remove(\"invisible\")\r\n    MenuDesplegable[1].classList.add(\"invisible\")\r\n    MenuDesplegable[2].classList.add(\"invisible\")\r\n    MenuDesplegable[3].classList.add(\"invisible\")\r\n\r\n});\r\n\r\ncategorias[1].addEventListener(\"mouseover\", function () {\r\n    MenuDesplegable[1].classList.remove(\"invisible\")\r\n    MenuDesplegable[0].classList.add(\"invisible\")\r\n    MenuDesplegable[2].classList.add(\"invisible\")\r\n    MenuDesplegable[3].classList.add(\"invisible\")\r\n});\r\n\r\ncategorias[2].addEventListener(\"mouseover\", function () {\r\n    MenuDesplegable[2].classList.remove(\"invisible\")\r\n    MenuDesplegable[0].classList.add(\"invisible\")\r\n    MenuDesplegable[1].classList.add(\"invisible\")\r\n    MenuDesplegable[3].classList.add(\"invisible\")\r\n});\r\n\r\ncategorias[6].addEventListener(\"mouseover\", function () {\r\n    MenuDesplegable[3].classList.remove(\"invisible\")\r\n    MenuDesplegable[0].classList.add(\"invisible\")\r\n    MenuDesplegable[1].classList.add(\"invisible\")\r\n    MenuDesplegable[2].classList.add(\"invisible\")\r\n});\r\n\r\nNavBar.addEventListener(\"mouseleave\", function () {\r\n    MenuDesplegable[0].classList.add(\"invisible\")\r\n});\r\n\r\nNavBar.addEventListener(\"mouseleave\", function () {\r\n    MenuDesplegable[1].classList.add(\"invisible\")\r\n});\r\n\r\nNavBar.addEventListener(\"mouseleave\", function () {\r\n    MenuDesplegable[2].classList.add(\"invisible\")\r\n});\r\n\r\nNavBar.addEventListener(\"mouseleave\", function () {\r\n    MenuDesplegable[3].classList.add(\"invisible\")\r\n});\r\n\r\nif(URLactual == \"/\") {\r\n    const fotos_footer = document.querySelector(\".contenedor-fotos\");\r\n    fotos_footer.classList.remove(\"no-visible\");\r\n\r\n    const newsletter = document.querySelector(\".contenedor-newsletter-video\");\r\n    newsletter.classList.remove(\"no-visible\");\r\n\r\n    const banner = document.querySelector(\".contenedor-banner\");\r\n    banner.classList.remove(\"no-visible\");\r\n}\r\n\r\nif (URLactual == \"/politica-devolucion\") {\r\n\r\n        const ui_search = document.querySelector(\".ui-search\");\r\n\r\n        ui_search.classList.toggle(\"invisible\");\r\n\r\n        let main = document.querySelector(\"#root-app\");\r\n        let contendor_devolucion = document.createElement(\"div\");\r\n        let titulo_devolucion = document.createElement(\"h1\");\r\n        let contenido_devolucion = document.createElement(\"div\");\r\n        let texto_devolucion = document.createElement(\"div\");\r\n        let texto_devolucion_p = document.createElement(\"p\");\r\n        let imagen_devolucion = document.createElement(\"div\");\r\n        let imagen_devolucion_img = document.createElement(\"img\");\r\n\r\n        titulo_devolucion.textContent = \"Politicas de devolucion\";\r\n        texto_devolucion_p.innerHTML = 'Si no estás conforme con nuestro producto, puedes realizar un cambio del mismo. Para eso ponte en contacto a <a href=\"mailto:info@htvs.com.ar\">info@htvs.com.ar</a> y acordaremos la devolución. Podrás cambiar el producto por otro del mismo valor, que también será enviado a tu domicilio. Deberás hacerte cargo solamente del costo de envío del producto a devolver y del nuevo producto a entregar. Para que podamos aceptar la devolución del producto, <strong>el mismo debe estar completo y tal cual lo despachamos y ser devuelto en la misma caja que te fue entregado. Las devoluciones sólo pueden ser realizadas durante los 15 días siguientes a la compra.</strong>';\r\n        imagen_devolucion.innerHTML = '<img src=\"https://iili.io/73AIRe.jpg\" alt=\"devolucion.jpg\" class=\"imagen-devolucion\">'\r\n\r\n        main.appendChild(contendor_devolucion);\r\n        contendor_devolucion.appendChild(titulo_devolucion)\r\n        contendor_devolucion.appendChild(contenido_devolucion)\r\n        contenido_devolucion.appendChild(texto_devolucion)\r\n        texto_devolucion.appendChild(texto_devolucion_p)\r\n        contenido_devolucion.appendChild(imagen_devolucion)\r\n        imagen_devolucion.appendChild(imagen_devolucion_img)\r\n\r\n        contendor_devolucion.classList.add(\"contenedor-devolucion\")\r\n        contenido_devolucion.classList.add(\"contenido-devolucion\")\r\n        throw new Error(\"Error controlado\");\r\n}\r\n\r\n\r\n\r\nconsole.log(7)","src":"","priority":10,"key":"widget-7"}]